project,feature,max_term,classifier,balancing,resampling,metric,threshold,train_size,train_size_class_0,train_size_class_1,test_size,test_size_class_0,test_size_class_1,tp,fp,tn,fn,sensitivity,specificity,balanced_acc,balanced_acc_manual,precision,recall,fmeasure,seed,row
freedesktop,long_description,100,knn,smote,repeatedcv5x2,Accuracy,365,9591,4893,4698,1891,1631,260,146,793,838,114,0.5615384615384615,0.5137952176578786,0.5376668395981701,0.5376668395981701,0.1554845580404686,0.5615384615384615,0.24353628023352794,144,1
freedesktop,long_description,100,rf,smote,repeatedcv5x2,Accuracy,365,9591,4893,4698,1891,1631,260,30,141,1490,230,0.11538461538461539,0.9135499693439607,0.514467292364288,0.514467292364288,0.17543859649122806,0.11538461538461539,0.13921113689095127,144,2
freedesktop,long_description,100,svm,smote,repeatedcv5x2,Accuracy,365,9591,4893,4698,1891,1631,260,17,86,1545,243,0.06538461538461539,0.947271612507664,0.5063281139461397,0.5063281139461397,0.1650485436893204,0.06538461538461539,0.09366391184573003,144,3
