project,feature,max_term,classifier,balancing,resampling,metric,threshold,train_size,train_size_class_0,train_size_class_1,test_size,test_size_class_0,test_size_class_1,tp,fp,tn,fn,sensitivity,specificity,balanced_acc,balanced_acc_manual,precision,recall,fmeasure,seed,row
winehq,long_description,100,knn,smote,repeatedcv5x2,Accuracy,365,4529,2688,1841,1508,895,613,244,298,597,369,0.39804241435562804,0.6670391061452514,0.5325407602504397,0.5325407602504397,0.45018450184501846,0.39804241435562804,0.4225108225108225,144,1
winehq,long_description,100,rf,smote,repeatedcv5x2,Accuracy,365,4529,2688,1841,1508,895,613,239,216,679,374,0.3898858075040783,0.758659217877095,0.5742725126905867,0.5742725126905867,0.5252747252747253,0.3898858075040783,0.4475655430711611,144,2
winehq,long_description,100,svm,smote,repeatedcv5x2,Accuracy,365,4529,2688,1841,1508,895,613,210,216,679,403,0.34257748776508973,0.758659217877095,0.5506183528210924,0.5506183528210924,0.49295774647887325,0.34257748776508973,0.4042348411934552,144,3
