project,feature,max_term,classifier,balancing,resampling,metric,threshold,train_size,train_size_class_0,train_size_class_1,test_size,test_size_class_0,test_size_class_1,tp,fp,tn,fn,sensitivity,specificity,balanced_acc,balanced_acc_manual,precision,recall,fmeasure,seed,row
eclipse,long_description,150,svm,smote,cv10,Accuracy,8,732,357,375,242,118,124,58,49,69,66,0.46774193548387094,0.5847457627118644,0.5262438490978677,0.5262438490978677,0.5420560747663551,0.46774193548387094,0.5021645021645021,144,1
winehq,long_description,150,svm,smote,cv10,Accuracy,8,1137,516,621,249,42,207,204,41,1,3,0.9855072463768116,0.023809523809523808,0.5046583850931677,0.5046583850931677,0.8326530612244898,0.9855072463768116,0.9026548672566371,144,1
