project,feature,max_term,classifier,balancing,resampling,metric,threshold,train_size,train_size_class_0,train_size_class_1,test_size,test_size_class_0,test_size_class_1,tp,fp,tn,fn,sensitivity,specificity,balanced_acc,balanced_acc_manual,precision,recall,fmeasure,seed,row
eclipse,long_description,100,knn,smote,repeatedcv5x2,Accuracy,365,12811,6547,6264,2356,2182,174,87,876,1306,87,0.5,0.5985334555453712,0.5492667277726856,0.5492667277726856,0.09034267912772585,0.5,0.15303430079155672,144,1
eclipse,long_description,100,nb,smote,repeatedcv5x2,Accuracy,365,12811,6547,6264,2356,2182,174,103,1142,1040,71,0.5919540229885057,0.4766269477543538,0.5342904853714298,0.5342904853714298,0.08273092369477912,0.5919540229885057,0.1451726568005638,144,2
eclipse,long_description,100,rf,smote,repeatedcv5x2,Accuracy,365,12811,6547,6264,2356,2182,174,10,79,2103,164,0.05747126436781609,0.963794683776352,0.5106329740720841,0.5106329740720841,0.11235955056179775,0.05747126436781609,0.07604562737642585,144,3
eclipse,long_description,100,svm,smote,repeatedcv5x2,Accuracy,365,12811,6547,6264,2356,2182,174,6,47,2135,168,0.034482758620689655,0.9784601283226397,0.5064714434716647,0.5064714434716647,0.11320754716981132,0.034482758620689655,0.052863436123348026,144,4
