project,feature,max_term,classifier,balancing,resampling,metric,threshold,train_size,train_size_class_0,train_size_class_1,test_size,test_size_class_0,test_size_class_1,tp,fp,tn,fn,sensitivity,specificity,balanced_acc,balanced_acc_manual,precision,recall,fmeasure,seed,row
eclipse,long_description,100,nn,smote,cv10,Accuracy,365,1740,900,840,242,225,17,12,61,164,5,0.7058823529411765,0.7288888888888889,0.7173856209150327,0.7173856209150327,0.1643835616438356,0.7058823529411765,0.26666666666666666,144,1
eclipse,long_description,100,nn,smote,cv10,Accuracy,365,1740,900,840,242,225,17,15,60,165,2,0.8823529411764706,0.7333333333333333,0.807843137254902,0.807843137254902,0.2,0.8823529411764706,0.3260869565217392,283,1
eclipse,long_description,100,svm,smote,cv10,Accuracy,365,1740,900,840,242,225,17,17,0,225,0,1,1,1,1,1,1,1,144,2
eclipse,long_description,100,svm,smote,cv10,Accuracy,365,1740,900,840,242,225,17,17,0,225,0,1,1,1,1,1,1,1,283,2
eclipse,long_description,150,nn,smote,cv10,Accuracy,365,1744,904,840,243,226,17,15,43,183,2,0.8823529411764706,0.8097345132743363,0.8460437272254034,0.8460437272254034,0.25862068965517243,0.8823529411764706,0.4,144,3
eclipse,long_description,150,nn,smote,cv10,Accuracy,365,1744,904,840,243,226,17,16,51,175,1,0.9411764705882353,0.7743362831858407,0.857756376887038,0.857756376887038,0.23880597014925373,0.9411764705882353,0.38095238095238093,283,3
eclipse,long_description,150,svm,smote,cv10,Accuracy,365,1744,904,840,243,226,17,17,0,226,0,1,1,1,1,1,1,1,144,4
eclipse,long_description,150,svm,smote,cv10,Accuracy,365,1744,904,840,243,226,17,17,0,226,0,1,1,1,1,1,1,1,283,4
