project,feature,max_term,classifier,balancing,resampling,metric,threshold,train_size,train_size_class_0,train_size_class_1,test_size,test_size_class_0,test_size_class_1,tp,fp,tn,fn,sensitivity,specificity,balanced_acc,balanced_acc_manual,precision,recall,fmeasure,seed,row
gnome,long_description,100,knn,smote,repeatedcv5x2,Accuracy,365,9130,4915,4215,1918,1638,280,175,698,940,105,0.625,0.5738705738705738,0.5994352869352869,0.5994352869352869,0.2004581901489118,0.625,0.3035559410234172,144,1
gnome,long_description,100,rf,smote,repeatedcv5x2,Accuracy,365,9130,4915,4215,1918,1638,280,61,75,1563,219,0.21785714285714286,0.9542124542124543,0.5860347985347986,0.5860347985347986,0.4485294117647059,0.21785714285714286,0.2932692307692307,144,2
gnome,long_description,100,svm,smote,repeatedcv5x2,Accuracy,365,9130,4915,4215,1918,1638,280,59,89,1549,221,0.21071428571428572,0.9456654456654456,0.5781898656898656,0.5781898656898656,0.39864864864864863,0.21071428571428572,0.2757009345794393,144,3
