project,feature,max_term,classifier,balancing,resampling,metric,threshold,train_size,train_size_class_0,train_size_class_1,test_size,test_size_class_0,test_size_class_1,tp,fp,tn,fn,sensitivity,specificity,balanced_acc,balanced_acc_manual,precision,recall,fmeasure,seed,row
eclipse,long_description,150,svm,smote,cv10,Accuracy,365,12878,6578,6300,2367,2192,175,4,26,2166,171,0.022857142857142857,0.9881386861313869,0.5054979144942648,0.5054979144942648,0.13333333333333333,0.022857142857142857,0.03902439024390244,144,1
freedesktop,long_description,150,svm,smote,cv10,Accuracy,365,9614,4910,4704,1897,1636,261,13,46,1590,248,0.04980842911877394,0.9718826405867971,0.5108455348527855,0.5108455348527855,0.22033898305084745,0.04980842911877394,0.08124999999999999,144,1
gcc,long_description,150,svm,smote,cv10,Accuracy,365,12338,6238,6100,2485,2079,406,16,73,2006,390,0.03940886699507389,0.9648869648869649,0.5021479159410194,0.5021479159410194,0.1797752808988764,0.03940886699507389,0.06464646464646465,144,1
gnome,long_description,150,svm,smote,cv10,Accuracy,365,9171,4941,4230,1929,1647,282,41,36,1611,241,0.1453900709219858,0.9781420765027322,0.561766073712359,0.561766073712359,0.5324675324675324,0.1453900709219858,0.22841225626740946,144,1
winehq,long_description,150,svm,smote,cv10,Accuracy,365,4539,2691,1848,1512,897,615,135,145,752,480,0.21951219512195122,0.8383500557413601,0.5289311254316557,0.5289311254316557,0.48214285714285715,0.21951219512195122,0.3016759776536313,144,1
