project,feature,max_term,classifier,balancing,resampling,metric,threshold,train_size,train_size_class_0,train_size_class_1,test_size,test_size_class_0,test_size_class_1,tp,fp,tn,fn,sensitivity,specificity,balanced_acc,balanced_acc_manual,precision,recall,fmeasure,seed,row
mozilla,long_description,100,knn,smote,repeatedcv5x2,Accuracy,365,11168,5916,5252,2408,1971,437,278,1033,938,159,0.6361556064073226,0.4759005580923389,0.5560280822498307,0.5560280822498307,0.2120518688024409,0.6361556064073226,0.31807780320366136,144,1
mozilla,long_description,100,rf,smote,repeatedcv5x2,Accuracy,365,11168,5916,5252,2408,1971,437,111,217,1754,326,0.2540045766590389,0.8899036022323693,0.5719540894457041,0.5719540894457041,0.3384146341463415,0.2540045766590389,0.2901960784313726,144,2
mozilla,long_description,100,svm,smote,repeatedcv5x2,Accuracy,365,11168,5916,5252,2408,1971,437,76,170,1801,361,0.17391304347826086,0.9137493658041603,0.5438312046412106,0.5438312046412106,0.3089430894308943,0.17391304347826086,0.2225475841874085,144,3
