project,feature,n_term,classifier,balancing,resampling,metric,threshold,train_size,train_size_class_0,train_size_class_1,test_size,test_size_class_0,test_size_class_1,tp,fp,tn,fn,sensitivity,specificity,balanced_acc,balanced_acc_manual,precision,recall,fmeasure
eclipse,long_description,100,nn,smote,repeatedcv,Accuracy,365,12847,6665,6182,2408,2221,187,71,656,1565,116,0.37967914438502676,0.704637550652859,0.5421583475189429,0.5421583475189429,0.09766162310866575,0.37967914438502676,0.15536105032822758
freedesktop,long_description,100,nn,smote,repeatedcv,Accuracy,365,9606,4908,4698,1895,1635,260,128,627,1008,132,0.49230769230769234,0.6165137614678899,0.5544107268877911,0.5544107268877911,0.1695364238410596,0.49230769230769234,0.2522167487684729
gcc,long_description,100,nn,smote,repeatedcv,Accuracy,365,9616,5268,4348,2480,1756,724,380,192,1564,344,0.5248618784530387,0.8906605922551253,0.707761235354082,0.707761235354082,0.6643356643356644,0.5248618784530387,0.5864197530864198
gnome,long_description,100,nn,smote,repeatedcv,Accuracy,365,9287,5017,4270,1956,1672,284,133,466,1206,151,0.46830985915492956,0.7212918660287081,0.5948008625918189,0.5948008625918189,0.22203672787979967,0.46830985915492956,0.3012457531143828
mozilla,long_description,100,nn,smote,repeatedcv,Accuracy,365,11170,5918,5252,2409,1972,437,248,652,1320,189,0.5675057208237986,0.6693711967545639,0.6184384587891812,0.6184384587891812,0.27555555555555555,0.5675057208237986,0.37097980553477933
winehq,long_description,100,nn,smote,repeatedcv,Accuracy,365,4527,2688,1839,1507,895,612,181,149,746,431,0.2957516339869281,0.8335195530726257,0.5646355935297769,0.5646355935297769,0.5484848484848485,0.2957516339869281,0.3842887473460722
