project,train_rows,test_rows,epochs,metric,value
gcc,7470,2491,10,loss,0.6941829323768616
gcc,7470,2491,10,tp,926
gcc,7470,2491,10,fp,809
gcc,7470,2491,10,tn,439
gcc,7470,2491,10,fn,317
gcc,7470,2491,10,accuracy,0.5479726791381836
gcc,7470,2491,10,precision,0.5337175726890564
gcc,7470,2491,10,recall,0.7449718713760376
,,,,Balanced Accuracy,"0,557202704969276"
