project,train_rows,test_rows,epochs,metric,value
winehq,4543,1515,10,loss,0.6642430424690247
winehq,4543,1515,10,tp,534
winehq,4543,1515,10,fp,393
winehq,4543,1515,10,tn,365
winehq,4543,1515,10,fn,223
winehq,4543,1515,10,accuracy,0.5933993458747864
winehq,4543,1515,10,precision,0.5760517716407776
winehq,4543,1515,10,recall,0.7054161429405212
,,,,,"0,598400039627502"
