project,train_rows,test_rows,epochs,metric,value
gcc,7470,2491,30,loss,0.8096235394477844
gcc,7470,2491,30,tp,551.0
gcc,7470,2491,30,fp,422.0
gcc,7470,2491,30,tn,826.0
gcc,7470,2491,30,fn,692.0
gcc,7470,2491,30,accuracy,0.5527900457382202
gcc,7470,2491,30,precision,0.5662898421287537
gcc,7470,2491,30,recall,0.4432823956012726
