project,train_rows,test_rows,epochs,metric,value
gnome,5816,1939,30,loss,0.7404982447624207
gnome,5816,1939,30,tp,480.0
gnome,5816,1939,30,fp,347.0
gnome,5816,1939,30,tn,627.0
gnome,5816,1939,30,fn,485.0
gnome,5816,1939,30,accuracy,0.5709128379821777
gnome,5816,1939,30,precision,0.5804111361503601
gnome,5816,1939,30,recall,0.49740931391716003
