project,feature,max_term,classifier,balancing,resampling,metric,threshold,train_size,train_size_class_0,train_size_class_1,test_size,test_size_class_0,test_size_class_1,tp,fp,tn,fn,sensitivity,specificity,balanced_acc,balanced_acc_manual,precision,recall,fmeasure,seed,row
mozilla,long_description,100,knn,smote,repeatedcv5x2,Accuracy,365,1113,593,520,240,197,43,29,112,85,14,0.6744186046511628,0.43147208121827413,0.5529453429347184,0.5529453429347184,0.20567375886524822,0.6744186046511628,0.31521739130434784,144,1
mozilla,long_description,100,rf,smote,repeatedcv5x2,Accuracy,365,1113,593,520,240,197,43,5,15,182,38,0.11627906976744186,0.9238578680203046,0.5200684688938733,0.5200684688938733,0.25,0.11627906976744186,0.15873015873015872,144,2
