project,feature,max_term,classifier,balancing,resampling,metric,threshold,train_size,train_size_class_0,train_size_class_1,test_size,test_size_class_0,tp,fp,tn,fn,sensitivity,specificity,balanced_acc,balanced_acc_manual,precision,recall,fmeasure,seed,row
eclipse,long_description,150,nn,smote,repeatedcv5x10,Accuracy,365,12878,6578,6300,2367,2192,74,623,1569,101,0.4228571428571429,0.7157846715328468,0.5693209071949948,0.5693209071949948,0.10616929698708752,0.4228571428571429,0.16972477064220184,144,1
freedesktop,long_description,150,nn,smote,repeatedcv5x10,Accuracy,365,9614,4910,4704,1897,1636,127,633,1003,134,0.48659003831417624,0.613080684596577,0.5498353614553766,0.5498353614553766,0.16710526315789473,0.48659003831417624,0.24877571008814886,144,1
gcc,long_description,150,nn,smote,repeatedcv5x10,Accuracy,365,12338,6238,6100,2485,2079,222,845,1234,184,0.5467980295566502,0.5935545935545935,0.5701763115556219,0.5701763115556219,0.20805998125585753,0.5467980295566502,0.3014256619144603,144,1
gnome,long_description,150,nn,smote,repeatedcv5x10,Accuracy,365,9171,4941,4230,1929,1647,122,407,1240,160,0.4326241134751773,0.7528840315725561,0.5927540725238667,0.5927540725238667,0.23062381852551986,0.4326241134751773,0.3008631319358816,144,1
mozilla,long_description,150,nn,smote,repeatedcv5x10,Accuracy,365,11242,5950,5292,2423,1983,215,593,1390,225,0.48863636363636365,0.7009581442259203,0.5947972539311419,0.5947972539311419,0.2660891089108911,0.48863636363636365,0.34455128205128205,144,1
winehq,long_description,150,nn,smote,repeatedcv5x10,Accuracy,365,4539,2691,1848,1512,897,191,173,724,424,0.3105691056910569,0.8071348940914158,0.5588519998912364,0.5588519998912364,0.5247252747252747,0.3105691056910569,0.390194075587334,144,1
