project,feature,max_term,classifier,balancing,resampling,metric,threshold,train_size,train_size_class_0,train_size_class_1,test_size,test_size_class_0,test_size_class_1,tp,fp,tn,fn,sensitivity,specificity,balanced_acc,balanced_acc_manual,precision,recall,fmeasure,seed,row
eclipse,long_description,150,knn,smote,repeatedcv5x10,Accuracy,365,12878,6578,6300,2367,2192,175,95,1053,1139,80,0.5428571428571428,0.5196167883211679,0.5312369655891553,0.5312369655891553,0.08275261324041812,0.5428571428571428,0.1436130007558579,144,1
freedesktop,long_description,150,knn,smote,repeatedcv5x10,Accuracy,365,9614,4910,4704,1897,1636,261,168,886,750,93,0.6436781609195402,0.45843520782396086,0.5510566843717506,0.5510566843717506,0.15939278937381404,0.6436781609195402,0.2555133079847909,144,1
gcc,long_description,150,knn,smote,repeatedcv5x10,Accuracy,365,12338,6238,6100,2485,2079,406,257,1170,909,149,0.6330049261083743,0.43722943722943725,0.5351171816689058,0.5351171816689058,0.1800981079187106,0.6330049261083743,0.28041462084015273,144,1
gnome,long_description,150,knn,smote,repeatedcv5x10,Accuracy,365,9171,4941,4230,1929,1647,282,194,812,835,88,0.6879432624113475,0.5069823922282939,0.5974628273198207,0.5974628273198207,0.19284294234592445,0.6879432624113475,0.3012422360248447,144,1
mozilla,long_description,150,knn,smote,repeatedcv5x10,Accuracy,365,11242,5950,5292,2423,1983,440,320,1219,764,120,0.7272727272727273,0.3852748361069087,0.556273781689818,0.556273781689818,0.2079272254710851,0.7272727272727273,0.32339565437089435,144,1
winehq,long_description,150,knn,smote,repeatedcv5x10,Accuracy,365,4539,2691,1848,1512,897,615,226,282,615,389,0.367479674796748,0.68561872909699,0.5265492019468689,0.5265492019468689,0.4448818897637795,0.367479674796748,0.402493321460374,144,1
