project,feature,max_term,classifier,balancing,resampling,metric,threshold,train_size,train_size_class_0,train_size_class_1,test_size,test_size_class_0,test_size_class_1,tp,fp,tn,fn,sensitivity,specificity,balanced_acc,balanced_acc_manual,precision,recall,fmeasure,seed,row
gcc,long_description,100,knn,smote,repeatedcv5x2,Accuracy,365,12318,6233,6085,2482,2077,405,242,1096,981,163,0.5975308641975309,0.47231584015406836,0.5349233521757997,0.5349233521757997,0.18086696562032886,0.5975308641975309,0.2776821572002295,144,1
gcc,long_description,100,rf,smote,repeatedcv5x2,Accuracy,365,12318,6233,6085,2482,2077,405,50,187,1890,355,0.12345679012345678,0.9099662975445354,0.5167115438339961,0.5167115438339961,0.2109704641350211,0.12345679012345678,0.15576323987538943,144,2
gcc,long_description,100,svm,smote,repeatedcv5x2,Accuracy,365,12318,6233,6085,2482,2077,405,31,129,1948,374,0.07654320987654321,0.9378911892152143,0.5072171995458787,0.5072171995458787,0.19375,0.07654320987654321,0.1097345132743363,144,3
gcc,long_description,100,nb,smote,repeatedcv5x2,Accuracy,365,12318,6233,6085,2482,2077,405,180,900,1177,225,0.4444444444444444,0.5666827154549832,0.5055635799497138,0.5055635799497138,0.16666666666666666,0.4444444444444444,0.24242424242424243,144,1
