project,classifier,train_class_0,train_class_1,test_class_0,test_class_1,acc,balanced_acc,feature_extraction
winehq,knn,2271,2272,758,757,0.5788778877887789,0.5788794470605048,bert
winehq,nb,2271,2272,758,757,0.5498349834983498,0.54983043049393,bert
winehq,svm,2271,2272,758,757,0.572937293729373,0.5729689128381369,bert
winehq,rf,2271,2272,758,757,0.5617161716171617,0.5617002959188298,bert
winehq,nn,2271,2272,758,757,0.5353135313531353,0.535349055255609,bert
winehq,vc,2271,2272,758,757,0.572937293729373,0.5729514853452212,bert
