project,classifier,train_class_0,train_class_1,test_class_0,test_class_1,acc,balanced_acc,feature_extraction
eclipse,knn,3616,3539,1206,1179,0.5551362683438155,0.5553783246616789,bert
eclipse,nb,3616,3539,1206,1179,0.5631027253668763,0.5632840884635347,bert
eclipse,nn,3616,3539,1206,1179,0.5324947589098532,0.5328763308141228,bert
eclipse,rf,3616,3539,1206,1179,0.5765199161425576,0.5761238337574215,bert
eclipse,svm,3616,3539,1206,1179,0.5744234800838575,0.5740508652665426,bert
