project,classifier,train_class_0,train_class_1,test_class_0,test_class_1,acc,balanced_acc,feature_extraction
gnome,knn,2923,2893,974,965,0.5461578133058278,0.5462007000670277,bert
gnome,nb,2923,2893,974,965,0.5662712738525013,0.5667095785766723,bert
gnome,svm,2923,2893,974,965,0.5642083548220732,0.5639188858507729,bert
gnome,rf,2923,2893,974,965,0.5673027333677153,0.5669702418316647,bert
gnome,nn,2923,2893,974,965,0.5337802991232594,0.5339186730644423,bert
gnome,vc,2923,2893,974,965,0.5642083548220732,0.5641008181634413,bert
