project,classifier,train_class_0,train_class_1,test_class_0,test_class_1,acc,balanced_acc,feature_extraction
gnome,knn,2923,2893,974,965,0.5538937596699329,0.5539583577151004,bert
gnome,nb,2923,2893,974,965,0.5657555440948943,0.5661483546296986,bert
gnome,nn,2923,2893,974,965,0.5281072717895823,0.5281425881201391,bert
gnome,rf,2923,2893,974,965,0.5667870036101083,0.5664281686544457,bert
gnome,svm,2923,2893,974,965,0.5642083548220732,0.5639188858507729,bert
