project,classifier,train_class_0,train_class_1,test_class_0,test_class_1,acc,balanced_acc,feature_extraction
mozilla,knn,3674,3658,1225,1219,0.5004091653027823,0.5000154023873701,tf-idf
mozilla,nb,3674,3658,1225,1219,0.5192307692307693,0.5193333444944837,tf-idf
mozilla,svm,3674,3658,1225,1219,0.5155482815057283,0.5149326145552561,tf-idf
mozilla,rf,3674,3658,1225,1219,0.5130932896890343,0.513122499204768,tf-idf
mozilla,nn,3674,3658,1225,1219,0.5208674304418985,0.5205702231671996,tf-idf
