project,classifier,train_class_0,train_class_1,test_class_0,test_class_1,acc,balanced_acc,feature_extraction
gcc,knn,3743,3727,1248,1243,0.49664789487798333,0.49664789487798333,tf-idf
gcc,nb,3743,3727,1248,1243,0.5170119334942344,0.5170119334942344,tf-idf
gcc,svm,3743,3727,1248,1243,0.501864930791922,0.501864930791922,tf-idf
gcc,rf,3743,3727,1248,1243,0.5138374254801246,0.5138374254801246,tf-idf
gcc,nn,3743,3727,1248,1243,0.4974723838108793,0.4974723838108793,tf-idf
