project,classifier,train_class_0,train_class_1,test_class_0,test_class_1,acc,balanced_acc,feature_extraction
winehq,knn,2271,2272,758,757,0.5042904290429043,0.5045206916623388,tf-idf
winehq,nb,2271,2272,758,757,0.5359735973597359,0.5360200137328645,tf-idf
winehq,nn,2271,2272,758,757,0.5155115511551155,0.5154747423345172,tf-idf
winehq,rf,2271,2272,758,757,0.5412541254125413,0.541202078751355,tf-idf
winehq,svm,2271,2272,758,757,0.5267326732673268,0.5267302886341376,tf-idf
