project,classifier,train_class_0,train_class_1,test_class_0,test_class_1,acc,balanced_acc,feature_extraction
mozilla,knn,3674,3658,1225,1219,0.5949263502454992,0.5950424402738946,bert
mozilla,nb,3674,3658,1225,1219,0.5801963993453355,0.5802300313070266,bert
mozilla,svm,3674,3658,1225,1219,0.6149754500818331,0.6149640889990122,bert
mozilla,rf,3674,3658,1225,1219,0.6063829787234043,0.6062560479483016,bert
mozilla,nn,3674,3658,1225,1219,0.5695581014729951,0.5695293900989435,bert
mozilla,vc,3674,3658,1225,1219,0.6129296235679215,0.6128971555808542,bert
