project,classifier,train_class_0,train_class_1,test_class_0,test_class_1,acc,balanced_acc,feature_extraction
gnome,knn,2923,2893,974,965,0.5208870551830841,0.5201226713195944,tf-idf
gnome,nb,2923,2893,974,965,0.555956678700361,0.5559159919566767,tf-idf
gnome,svm,2923,2893,974,965,0.5404847859721505,0.5398261535678948,tf-idf
gnome,rf,2923,2893,974,965,0.555440948942754,0.5552207126214213,tf-idf
gnome,nn,2923,2893,974,965,0.5373904074265085,0.5371913268291645,tf-idf
gnome,vc,2923,2893,974,965,0.5487364620938628,0.5482743028587843,tf-idf
