project,classifier,train_class_0,train_class_1,test_class_0,test_class_1,acc,balanced_acc,feature_extraction
eclipse,knn,3616,3539,1206,1179,0.555136268343815,0.555378324661679,bert
eclipse,nb,3616,3539,1206,1179,0.560587002096436,0.560862987859684,bert
eclipse,svm,3616,3539,1206,1179,0.573584905660377,0.573212183358019,bert
eclipse,rf,3616,3539,1206,1179,0.582389937106918,0.581728760776271,bert
eclipse,nn,3616,3539,1206,1179,0.561425576519916,0.561274416720469,bert
eclipse,vc,3616,3539,1206,1179,0.580293501048218,0.5801779904548504,bert
