project,classifier,train_class_0,train_class_1,test_class_0,test_class_1,acc,balanced_acc,feature_extraction
freedesktop,knn,2867,2852,956,951,0.49659150498164656,0.49652479882440415,tf-idf
freedesktop,nb,2867,2852,956,951,0.497115888830624,0.49714680428881297,tf-idf
freedesktop,nn,2867,2852,956,951,0.49659150498164656,0.4967530324828742,tf-idf
freedesktop,rf,2867,2852,956,951,0.5039328788673308,0.5039652160905279,tf-idf
freedesktop,svm,2867,2852,956,951,0.5107498689040377,0.5104069048656117,tf-idf
