project,classifier,train_class_0,train_class_1,test_class_0,test_class_1,acc,balanced_acc,feature_extraction
freedesktop,knn,2866,2852,956,951,0.4997378080755112,0.4996051282728156,tf-idf
freedesktop,nb,2866,2852,956,951,0.513371788148925,0.51330519734787,tf-idf
freedesktop,svm,2866,2852,956,951,0.5228106974305191,0.5224691912059096,tf-idf
freedesktop,rf,2866,2852,956,951,0.5018353434714211,0.5018814152906652,tf-idf
freedesktop,nn,2866,2852,956,951,0.5013109596224437,0.5013501533290217,tf-idf
freedesktop,vc,2866,2852,956,951,0.5212375458835868,0.5211063887825632,tf-idf
