project,classifier,train_class_0,train_class_1,test_class_0,test_class_1,acc,balanced_acc,feature_extraction
gcc,knn,3743,3727,1248,1243,0.5415495784825372,0.5416057486024299,bert
gcc,nb,3743,3727,1248,1243,0.53472501003613,0.5349737375456403,bert
gcc,nn,3743,3727,1248,1243,0.5543958249698916,0.5542747720568517,bert
gcc,rf,3743,3727,1248,1243,0.5572059413890004,0.5571501691523816,bert
gcc,svm,3743,3727,1248,1243,0.5684464070654356,0.5684632016213875,bert
