project,classifier,train_class_0,train_class_1,test_class_0,test_class_1,acc,balanced_acc,feature_extraction
eclipse,knn,3616,3539,1206,1179,0.5064989517819707,0.5038389477548644,tf-idf
eclipse,nb,3616,3539,1206,1179,0.5069182389937107,0.5047567505981543,tf-idf
eclipse,nn,3616,3539,1206,1179,0.5052410901467506,0.5047789044598888,tf-idf
eclipse,rf,3616,3539,1206,1179,0.5077568134171908,0.507950071525325,tf-idf
eclipse,svm,3616,3539,1206,1179,0.5257861635220126,0.5250275340852987,tf-idf
