project,classifier,train_class_0,train_class_1,test_class_0,test_class_1,acc,balanced_acc,feature_extraction
eclipse,knn,3659,3561,1220,1187,0.5180722891566265,0.5174689601834077,tf-idf
eclipse,nb,3659,3561,1220,1187,0.5093477357706688,0.5083382822102835,tf-idf
eclipse,svm,3659,3561,1220,1187,0.5164104694640631,0.5145193144309252,tf-idf
eclipse,rf,3659,3561,1220,1187,0.5126713751557956,0.5128247268910464,tf-idf
eclipse,nn,3659,3561,1220,1187,0.5010386373078521,0.5007682268288978,tf-idf
eclipse,vc,3659,3561,1220,1187,0.5081013710012464,0.5068125319375199,tf-idf
