project,classifier,train_class_0,train_class_1,test_class_0,test_class_1,acc,balanced_acc,feature_extraction
freedesktop,knn,2867,2852,956,951,0.5485055060304143,0.5486357676790342,bert
freedesktop,nb,2867,2852,956,951,0.5684320922915574,0.5685734901381061,bert
freedesktop,nn,2867,2852,956,951,0.5306764551651809,0.5310595761343488,bert
freedesktop,rf,2867,2852,956,951,0.563188253801783,0.5631206305628518,bert
freedesktop,svm,2867,2852,956,951,0.5951756685894074,0.5951371381809063,bert
