project,classifier,train_class_0,train_class_1,test_class_0,test_class_1,acc,balanced_acc,feature_extraction
freedesktop,knn,2866,2852,956,951,0.5485055060304143,0.5486357676790342,bert
freedesktop,nb,2866,2852,956,951,0.5700052438384898,0.5701535270074662,bert
freedesktop,svm,2866,2852,956,951,0.5946512847404299,0.5946168754317191,bert
freedesktop,rf,2866,2852,956,951,0.5799685369690614,0.5798982792832033,bert
freedesktop,nn,2866,2852,956,951,0.502884111169376,0.5026414608714016,bert
freedesktop,vc,2866,2852,956,951,0.5967488201363398,0.5967941695374611,bert
