project,classifier,train_class_0,train_class_1,test_class_0,test_class_1,acc,balanced_acc,feature_extraction
gcc,knn,3743,3727,1248,1243,0.5416057486024299,0.5416057486024299,bert
gcc,nb,3743,3727,1248,1243,0.5349737375456403,0.5349737375456403,bert
gcc,svm,3743,3727,1248,1243,0.5684632016213875,0.5684632016213875,bert
gcc,rf,3743,3727,1248,1243,0.5607656079171566,0.5607656079171566,bert
gcc,nn,3743,3727,1248,1243,0.5424047744291107,0.5424047744291107,bert
gcc,vc,3743,3727,1248,1243,0.5700521878763549,0.5700496498339418,bert
