project,classifier,train_class_0,train_class_1,test_class_0,test_class_1,acc,balanced_acc,feature_extraction
eclipse,knn,3659,3561,1220,1187,0.49522226838388034,0.49382276575469225,tf-idf
eclipse,nb,3659,3561,1220,1187,0.5076859160781055,0.5060266963138923,tf-idf
eclipse,svm,3659,3561,1220,1187,0.5155795596177815,0.5139844904498184,tf-idf
eclipse,rf,3659,3561,1220,1187,0.5176568342334856,0.51773136575193,tf-idf
eclipse,nn,3659,3561,1220,1187,0.49522226838388034,0.49524700650489595,tf-idf
